Brandon Mccann,2019-05-30,Engineering,1961-01-13
James Lewis,2007-06-11,R&D,2019-04-27
Jennifer Sexton,2005-03-12,Finance,2013-09-10
Brian Smith,2001-10-11,IT,1926-08-22
William Collier,2011-09-25,HR,1993-12-06
Lori Edwards,2012-09-26,IT,1948-11-24
Kaitlin Higgins,2022-01-07,R&D,1979-12-17
Kyle Huff,2009-06-25,HR,1972-08-15
Douglas Martinez,2005-05-18,IT,1913-12-01
Amanda Salinas,2003-09-10,Finance,2001-05-14
David Francis,2003-09-18,Finance,1915-09-18
Katherine Downs,2020-08-11,Engineering,1947-05-15
Nicholas Key,2010-06-27,Engineering,1938-10-19
Cynthia Gardner,2006-10-21,HR,1957-01-07
Dr. Jennifer Johnson,2012-08-03,HR,1997-07-13
Jennifer Sexton,2008-08-18,R&D,1938-12-01
Sarah Ruiz,2021-05-26,HR,1926-09-13
David Zavala,2006-01-07,R&D,1976-11-27
Beth Jones,2011-11-26,Finance,1981-05-29
Christine Patterson,2005-03-15,HR,1931-09-22
Juan Gibson,1995-06-04,Finance,1967-04-16
Kayla Aguirre,1994-09-19,HR,2003-04-22
Wanda Garcia,2019-10-02,IT,1910-12-25
Crystal Lambert,1999-07-31,HR,1960-12-17
Glenda Golden,2017-01-22,Engineering,1943-12-06
Cindy Russell,2022-08-25,Engineering,2008-07-29
Frank Hoffman,1996-12-29,R&D,1935-02-07
Jennifer Steele,2010-07-01,IT,1962-01-01
Ashley Heath,1997-11-10,R&D,2003-05-26
Michael Dickerson,2000-05-07,IT,2022-01-13
Sherry Porter,2002-08-06,R&D,1993-11-10
David Kramer,2007-09-05,Engineering,1952-03-22
David George,2013-12-04,R&D,1926-08-27
Casey Padilla,2008-11-16,Finance,2012-04-14
Sean Medina,2007-10-25,IT,1934-06-04
Kristine Martin,2015-03-25,Finance,1999-07-28
Andrea Dunn,1998-04-09,IT,2014-09-27
Kenneth Adams,2018-11-06,Finance,1965-05-14
Stephanie Austin,2008-10-27,R&D,1991-06-18
Rebecca Carpenter,2016-09-11,Engineering,2007-07-19
Jason Carr,2004-02-09,HR,1966-01-04
Casey Robinson,2021-12-08,R&D,2009-10-09
Lisa Ward,2003-09-17,Finance,1952-06-22
Brandon Garcia,2004-12-14,IT,1994-03-18
Randall Nelson,2022-07-25,HR,1958-04-06
Alyssa Long,2003-04-03,R&D,1928-06-12
Patricia Ramirez,2006-01-17,IT,1987-02-27
Ebony Meyer,1994-12-09,HR,1974-04-27
Jessica Brown,2015-06-12,R&D,2004-01-09
Douglas Robinson,2020-09-06,R&D,1996-03-27
Richard Mosley,2003-09-16,IT,2020-12-11
Brenda Gould,2014-07-11,Engineering,2020-06-19
Jessica Dillon,2022-01-01,HR,2009-05-11
Jason Gates,2022-08-13,IT,2009-03-28
Bryan Stephens,2020-01-09,HR,1989-09-08
Diane Welch,2013-07-15,IT,1908-06-14
Ryan Green,2016-10-28,HR,1977-02-26
Willie James,2021-05-28,Engineering,1951-02-02
Robert Lawson,1994-10-18,Engineering,1919-09-09
James Hodges,2022-01-28,IT,1938-06-10
Anne Arnold,2014-10-29,R&D,1913-04-12
Ashley Gill,2007-09-12,R&D,1993-08-30
Nicholas Bailey,2004-06-15,R&D,1910-11-06
Duane Hunt,2021-03-04,Engineering,1944-12-05
Marcus Powell,2021-12-14,Finance,1939-11-06
Danielle Hill,2014-09-26,Finance,1908-09-16
Natalie Phillips,2015-04-05,Finance,2018-10-05
Ryan Nguyen,2023-12-02,Finance,2014-01-24
Katherine Gomez,2007-10-21,Finance,1925-04-18
Megan Anderson,1997-05-05,Engineering,1911-07-23
Mackenzie Ross,2001-01-16,Finance,2003-01-28
Tracy Stewart,2010-05-09,R&D,1984-08-30
Adam Larsen,2022-10-14,IT,2017-09-03
Donald Todd,2009-06-17,Engineering,1963-07-21
Rodney Villarreal,2017-10-20,HR,1955-12-12
Jessica Schneider,2012-07-24,Finance,1964-08-12
James Gilmore,2003-08-17,Engineering,2009-01-21
Diane Harmon,2002-04-25,IT,1998-02-12
Robin Perez,2019-12-14,Finance,1965-05-30
Christine Perez,2016-02-29,Finance,1960-12-21
Frank Stephens,2002-04-17,Finance,1911-03-23
Anita Miles,2012-09-28,HR,2019-12-18
Brittany Petersen,2010-12-03,Engineering,2006-04-05
Rebecca Walker,2021-10-18,Engineering,2018-02-05
Barbara Price,1999-03-28,R&D,1967-06-26
Daniel Garner,2020-02-27,Finance,1952-02-26
Jason Brown,2018-04-17,IT,1988-07-06
Felicia Ashley,2006-08-19,IT,1922-04-12
Destiny Graves,2006-03-11,IT,1949-01-01
Dustin Henderson,2009-10-24,R&D,1976-12-14
Brianna Flynn,1998-10-12,Finance,2010-09-15
Danielle Flores,2007-07-22,Finance,1941-11-11
Heather Gardner,2021-12-04,IT,1992-09-06
Jeremy Dean,2005-11-10,R&D,1980-07-04
Kyle Reyes,2013-01-16,HR,2008-07-11
Teresa Orr,2013-04-01,R&D,1995-11-07
Emily Kelly,2012-01-11,Engineering,1953-07-27
Austin Clark,1994-10-26,R&D,1954-09-01
Vickie Rivera,1998-07-19,HR,1993-10-09
Laurie Payne,2016-05-25,HR,1958-04-15
Samantha Hill,2016-05-29,R&D,1916-12-09
Meagan Horn,1996-09-21,Finance,1943-01-01
Tracey Bates,2010-01-06,Finance,2007-01-16
Albert Graham,2011-09-03,Engineering,1955-06-02
Trevor Richardson,1997-09-13,Finance,1923-07-04
Lisa Ortiz,2006-06-16,Engineering,1980-05-02
Mitchell Arellano,2023-01-06,HR,2023-03-21
Aaron Thompson,2023-08-29,IT,1931-09-26
Matthew Lawrence,2011-08-22,HR,1978-04-14
Debra Benitez,2008-11-03,Finance,1931-07-24
Steven Green,2014-12-04,Finance,1918-10-06
Tiffany Bryan,2005-11-22,R&D,1964-06-16
Jeremy Odom,2020-01-19,IT,1929-09-18
April Lee,2002-08-16,Finance,1968-05-20
Cynthia Sexton,2016-07-26,IT,1993-05-09
Kathy Morris,2017-10-01,R&D,1958-04-30
Lauren Serrano,1994-11-16,R&D,1919-10-07
Henry Jones,2016-09-06,Finance,2009-02-15
Angie Wilkinson,1995-07-08,HR,1933-12-21
Blake Richardson,2002-06-24,IT,1908-06-05
Matthew Mccoy,2022-10-15,R&D,1918-03-26
Todd Mcguire,2006-03-16,R&D,1994-06-21
Debra Medina,2011-04-30,Engineering,2020-01-12
Thomas Moss,2010-12-16,HR,1990-03-13
John Gonzalez,2013-07-09,Finance,1957-07-12
Lynn Turner,1999-08-22,Engineering,1946-02-14
Scott Acevedo,2020-05-07,IT,1933-02-21
Patricia Braun,2009-09-06,R&D,1956-04-16
Lori Kerr,1995-09-30,Engineering,1977-02-20
Kara Smith,2001-03-09,IT,1997-09-18
David Hammond,2002-03-07,R&D,1944-12-14
Alejandra Vasquez,2005-09-18,Engineering,1973-03-24
Christopher Green,2002-09-27,HR,2010-06-16
Lori Miller,2013-05-31,HR,1980-10-29
Morgan Anderson,2007-02-19,HR,1927-08-29
Maria Martin,1997-11-07,R&D,1913-02-08
Laura Sherman,2017-03-18,Engineering,1938-02-26
Michele Jones,2005-04-10,HR,1938-01-29
Adam Bauer,1998-08-29,Engineering,1933-10-13
Kathryn Walker,2011-11-21,IT,2008-04-11
Terri Kerr,2003-02-26,Engineering,2003-11-06
Rachel Cunningham,2000-06-05,Finance,2004-10-17
Jennifer Perkins,2005-09-18,HR,1915-09-23
Ralph Hernandez,2006-05-24,IT,1927-06-30
Kathryn Foley,1995-11-08,Finance,2013-06-24
Christopher Rice,1998-07-11,IT,1954-05-24
Anthony Bright,1997-12-24,Engineering,2004-04-26
Megan Farrell,2003-06-09,R&D,1972-12-29
Samantha Thomas,1997-04-14,IT,1979-12-14
Zachary Roberson,1998-03-28,Finance,1961-10-08
Peggy Baker,2016-07-12,R&D,2024-02-05
Danielle Pierce,2004-03-05,Engineering,1998-06-22
Michael Long,2014-01-11,R&D,1969-04-18
Shawna Stokes,2002-07-13,Engineering,1966-10-28
James Ramirez,2007-09-24,Finance,1927-11-29
Rachel Dawson,2002-05-27,Engineering,1983-01-30
Ryan Ellis,2020-10-22,Engineering,1980-09-17
Kathryn Brown,2019-02-15,Finance,1938-06-15
Wayne Lopez,2006-08-19,IT,1938-09-19
Sara Guerrero,2004-10-29,R&D,2012-11-03
Eric Bird,2017-01-16,Finance,1981-04-20
Timothy Ellis,1998-11-07,IT,1938-01-29
Brandon Hall,1998-12-16,IT,1989-03-20
Sean Kirby,2010-07-21,Finance,1912-09-24
Danielle Melendez,2009-07-10,Finance,1957-03-30
Kristi Moses,1995-03-01,Engineering,2010-01-05
Annette Williams,1998-08-07,HR,1939-10-22
Margaret Coleman,2010-03-07,Finance,1993-03-19
Joseph Gibson,2023-07-09,Finance,1943-02-03
Michelle Kirby,2016-12-24,HR,2001-12-13
Jermaine Stanton,2009-08-29,IT,1921-03-21
Carlos Pearson,1998-02-28,Engineering,1960-03-01
Brandon Jacobs,2010-11-02,IT,1934-05-24
Stacie Dominguez,1995-05-30,R&D,1969-09-03
Heather Neal,1999-07-08,R&D,1913-06-03
Christopher Ward,2022-01-01,Engineering,1922-11-01
Ethan Thomas,2021-01-03,IT,1913-10-05
Courtney Lopez,2009-02-23,IT,2002-07-16
Shelia Fisher,2011-04-21,R&D,2000-03-26
Rodney Ortiz,2007-08-11,Finance,1909-05-11
Kathy Lopez,2008-11-30,IT,1932-12-24
Shawn Young,2014-11-03,Finance,1960-11-04
Eugene Hughes II,2021-11-01,IT,2005-10-21
Briana Smith,2015-09-16,Finance,1933-10-21
Terry Allen,2014-07-26,Engineering,2023-10-20
Kristin Ali,1999-09-11,R&D,1928-09-27
Jody Mcconnell,2004-03-31,IT,1987-12-12
Andrew Willis,1998-02-25,Finance,1908-09-10
Joel Garza,2018-01-25,Engineering,1973-12-28
Alexandra Patrick,2000-12-16,IT,1915-04-04
Megan Miller,2021-04-24,R&D,1941-08-18
Matthew Fry,2015-08-15,HR,1972-03-03
Devin Cunningham,2013-01-09,HR,2006-04-30
Pamela Russell,2018-07-15,Engineering,1962-06-01
Jeanne Lewis,1995-03-07,Engineering,2008-06-10
Brenda Harris,2000-06-08,Finance,1981-08-03
Carrie Jones,1995-11-15,Engineering,1986-05-29
Jessica Bennett,2015-11-25,IT,1922-02-12
Justin Harris,1999-08-02,R&D,2021-01-09
Russell Rodriguez,2017-01-09,R&D,1922-04-19
Nicholas Carrillo,1996-12-12,IT,1995-09-08
Anna Howard,2021-02-05,IT,1958-12-03
Dawn Sharp,2010-12-14,HR,1923-11-17
Alice Hill,2004-05-18,HR,1913-02-28
Jennifer Harrington,2017-05-14,Finance,2000-07-23
James George,2022-01-30,IT,1927-10-23
Ernest Singh,1997-06-20,R&D,2003-01-13
Michael Jordan,1997-10-25,Engineering,1911-08-15
Max Perkins,2008-12-27,Engineering,1965-09-04
Trevor Washington,1997-07-10,Finance,1994-03-06
Katherine Martin,2009-08-08,Finance,2019-01-16
David Kent,2019-03-26,HR,1916-06-30
Tracy Compton,1994-07-03,HR,1927-11-12
Jaime Warren,2012-02-02,IT,1959-10-05
Tyler Grant,1995-05-20,R&D,2020-11-21
David Webb,2022-04-23,Engineering,1976-01-30
Douglas Mason,2001-03-16,IT,1958-08-30
Karen Stewart,1998-04-10,Finance,1936-12-09
Jeffery Sanchez,2000-02-17,HR,1939-10-27
Miss Laura Lewis MD,1995-04-12,Finance,1992-09-22
Meredith Castaneda,2000-01-24,IT,1944-07-30
Riley Martinez,2000-02-29,Engineering,1948-07-10
Jessica Davis,1999-11-24,Engineering,1987-07-15
Matthew Hernandez Jr.,2011-01-09,R&D,1995-08-13
Tammy Davis,1999-10-11,R&D,2003-07-27
Sydney Stone,2008-03-04,Engineering,2023-05-25
Deborah Brady,2015-07-26,Finance,1975-01-06
Chad Johnson,1995-08-15,Engineering,1973-09-06
Jonathan Fletcher,2009-05-08,Finance,1915-05-03
David Johnson,2003-02-26,HR,1965-03-29
James Mitchell,2007-06-03,Engineering,1958-12-07
Veronica Boone,1994-08-15,Finance,1916-10-26
Eric Cortez,2017-06-14,R&D,1918-02-25
Christopher Fleming,2005-08-20,Engineering,2023-03-11
Patricia Guerrero,2013-02-01,HR,1951-07-31
Jason Morales,2001-04-19,HR,1955-06-13
Cassandra Coleman,2001-02-12,Finance,1926-02-27
Christopher Murillo,2002-07-11,Finance,1950-03-20
Douglas Anderson,2011-08-18,Engineering,1931-10-09
Charles Collins,2000-07-10,R&D,1975-05-20
Laura Anderson,2002-02-05,HR,1918-01-20
Gregory Castillo,2012-05-26,Finance,2009-02-02
Kimberly Jennings,2008-06-29,Engineering,2009-05-11
Rachel Flores,2001-03-18,IT,1922-08-08
David Rosales,1994-09-16,R&D,1923-01-22
Olivia Perez,2017-11-05,Finance,1933-07-03
Margaret Simmons,2021-12-13,IT,1935-09-15
Derrick Kelly,1999-12-07,HR,1973-07-07
Stanley Perry,1998-11-13,R&D,2023-01-11
Alexander Johnson,2018-12-11,IT,1938-05-24
Sandra Wood,2001-10-30,HR,2001-08-17
Zachary Kelley,1996-10-30,Engineering,1919-11-15
Jordan Rodriguez,2004-09-08,Engineering,1964-09-26
Donna Young,2003-05-29,Finance,1990-03-08
Karen Lee,2020-11-18,Engineering,2004-03-28
Elizabeth Bell,2002-11-20,Engineering,1919-01-14
Dana Raymond,1995-05-15,IT,2022-02-14
Jamie Brooks,2020-05-28,Engineering,2004-07-27
Thomas Taylor,2021-10-23,Finance,1994-12-23
Benjamin Vazquez,2007-12-01,HR,1973-11-24
Hannah Cox,2018-04-11,R&D,2022-04-25
Timothy Francis,1996-04-10,Engineering,1954-06-17
Andrea Wilson,2019-05-02,IT,1929-05-23
Marie Smith,2009-09-18,R&D,1915-02-10
Rachel Jones,2002-08-20,HR,1947-01-12
Diane Rush,2001-02-02,IT,1948-01-16
Scott Frank,1998-10-20,Engineering,1996-12-02
Justin Burton MD,2000-10-11,Finance,1915-05-09
Nathan Aguilar,2007-03-19,Finance,1914-11-04
Erin Allen,2011-01-27,Finance,1975-11-18
Timothy Foster,1994-10-12,R&D,1957-11-24
Michelle Sloan,2022-01-11,Engineering,1991-08-03
Mark Taylor,2017-04-05,Engineering,1924-01-18
Haley Duran,2011-04-17,Finance,1999-08-18
Chelsea Henry,2024-02-18,IT,1918-10-26
Jennifer Allen,1997-09-20,R&D,1993-04-02
Richard Davis,2007-05-27,HR,1934-01-22
Raymond Burns,1998-12-14,HR,1946-04-02
Kayla David,2024-01-31,Engineering,2004-12-27
Dr. Jennifer Martin,2022-11-10,Finance,1929-03-10
Christopher Smith,2018-09-05,R&D,1952-08-03
Nicholas Smith,2009-03-30,R&D,1938-06-02
Alison Barber,2009-09-03,HR,2023-09-05
Tiffany Perez,2004-07-12,Finance,2010-10-19
Teresa Woods MD,2018-01-26,Engineering,2009-05-26
Sandra Rice,1997-09-29,IT,1946-02-22
George Cox,1997-08-29,HR,1910-03-30
Brandi Watkins,2009-10-17,IT,1923-03-23
Lauren Sanchez,2008-10-15,HR,1971-05-12
Kathleen Welch,2002-12-03,R&D,1982-12-04
Kathryn Flores,2011-10-13,R&D,1941-05-21
Dawn Torres MD,2015-01-27,IT,2013-11-27
Maria Lopez,1996-06-20,IT,1976-09-21
Jennifer Davidson,1994-12-02,Finance,1957-10-31
Jose Lawson Jr.,2005-03-27,Engineering,1985-03-17
Michelle Moore,2009-02-20,R&D,2013-08-29
Stephanie Summers,2008-10-21,Finance,1931-07-30
Logan Hutchinson,2007-03-16,R&D,1959-09-17
Julie Pena,2007-12-21,IT,1964-05-09
Glenn Coleman,2024-03-05,IT,1939-04-28
Chris Oneill,2000-12-31,Finance,1988-12-16
Christopher Johnson,2013-05-30,HR,2004-09-21
Mr. Joel Gonzalez,2014-10-19,Engineering,1918-07-05
Blake Hubbard,2003-07-13,Engineering,2001-09-22
Michael Blackwell,2006-02-04,R&D,1963-02-21
Ashlee Norman,2017-02-26,R&D,1925-10-06
Charles Higgins,2000-07-30,R&D,1965-09-10
Mark Wang,2019-09-24,IT,1924-01-20
Meagan Davis,1995-01-23,Finance,2018-10-31
Joseph Davis,2019-01-28,R&D,1993-10-14
Michael Farley,2010-06-30,R&D,2018-03-16
Adam Peterson,1999-12-19,IT,1949-10-20
Eric Ortiz,2003-09-18,R&D,1935-05-08
Tracy Stanley,2000-08-05,R&D,1960-12-01
Kimberly Adams,2009-09-11,Finance,1924-05-01
Kim Chandler,2011-10-07,Engineering,1909-06-10
David Kelly,2020-06-11,IT,2013-07-26
Carla Armstrong,2000-01-19,R&D,1934-10-05
Jasmine Phillips,2019-10-18,R&D,1931-07-27
Teresa Simpson,2016-03-11,HR,1985-06-23
Bill Thomas,2005-10-19,HR,2001-04-03
Laura Johnston,1999-01-16,IT,1981-09-11
Gregory Stewart,2015-01-30,Finance,1985-01-18
Christopher Hardin,2020-08-12,HR,1935-05-06
Christopher Pace,1997-07-12,Finance,1973-10-15
Glenda Meyer,2013-12-14,R&D,1940-08-10
Seth Graham,2014-02-03,Finance,2002-01-24
Andrew Lane,2008-10-19,IT,1985-12-13
Lance Campbell,2000-02-02,R&D,1958-01-20
Nathan Robinson,2007-05-25,Engineering,2003-02-05
Jacob Klein,2000-11-28,Finance,1938-03-13
Chase Stuart,2021-10-01,Finance,1948-06-24
Samantha Santos,2005-06-10,R&D,1918-10-06
Spencer Richardson,1999-06-18,IT,1962-11-29
Stephen Simon,2012-08-10,Finance,1926-11-27
Maria Hester,2009-07-27,HR,2006-11-05
Kent Carr,2009-01-04,Engineering,1974-06-19
William Sullivan,1995-03-26,Engineering,1988-07-04
Nichole Cox,2013-09-29,Engineering,2019-06-21
Tyler Doyle,2009-03-08,Engineering,1971-09-06
Michael Ramirez,1994-05-07,Engineering,1917-01-21
Mary Brooks,1999-11-18,Engineering,1989-07-05
Justin Snyder,2004-05-01,R&D,1937-02-20
Emily Mcdowell,2012-11-22,IT,1965-06-29
James Costa,2001-04-13,IT,2006-04-07
Emma Williams,2004-04-23,Engineering,1950-12-08
Michael Wolf,1996-12-14,R&D,1976-12-24
Jennifer Young,2003-05-06,Finance,1951-08-23
Annette Delacruz,2018-01-27,Finance,1981-05-07
Amber Steele,1994-06-12,Engineering,1997-05-17
Shannon Ryan,2009-12-07,Finance,1929-10-05
Ashley Lawson,1997-09-21,Engineering,1981-01-22
Jill Medina,2009-09-30,R&D,1964-02-10
Erin Allen,2000-02-25,Finance,2010-09-15
Paul Thompson,2011-11-26,Engineering,2010-12-03
Marc Lawson,1995-08-05,R&D,1988-07-27
Dr. Sara Rodriguez MD,2008-03-04,Finance,1967-10-06
Gary Spencer,1996-04-13,HR,1950-08-30
Robert Marshall,2011-10-14,Finance,1915-08-18
Robyn Green,2023-11-21,HR,1952-10-20
Natalie Kline,1995-12-17,Engineering,1930-08-11
Linda Cook,2022-02-01,Engineering,1999-03-28
Debra Martin,1996-09-03,Finance,2019-03-06
Michael Dixon,2017-06-17,Finance,1999-11-02
Scott Castillo,2011-11-13,HR,1962-03-03
Sandra Jones,2021-02-11,R&D,1988-10-13
Marcus Hancock,2018-10-29,Engineering,1988-02-04
Stephen Tapia,1996-11-26,IT,1935-03-25
Anthony Warren,1994-05-22,R&D,1958-03-20
Garrett Simmons,2009-08-26,Finance,1952-11-24
Jessica Whitehead,1996-05-07,IT,1991-08-04
Donna Graham,2013-03-29,Finance,1958-04-29
Corey Murphy,2002-02-14,IT,1964-11-20
Martin Flores,2005-08-25,R&D,1931-12-15
Leah Brooks,1997-02-25,Engineering,1918-05-04
Michael Berry,2017-01-30,IT,1972-04-29
Jesse Bauer,2008-12-27,Finance,1977-11-21
Stephen Rubio,2015-06-02,Engineering,1992-07-13
Emily Hayes,2002-04-17,R&D,1937-07-22
Mario Jordan,2012-03-30,R&D,1982-04-18
Sarah Lee,2009-11-12,IT,1944-07-19
David Alvarez,2002-12-02,HR,2009-07-06
Sherry Hernandez,2017-05-25,HR,2019-10-05
Desiree Martinez,2011-10-10,Engineering,1963-09-08
Christopher Rodriguez,2020-01-18,HR,1982-11-30
Jason Smith,2008-06-08,Engineering,2013-06-25
Andrew White,2018-11-28,Engineering,1925-09-27
Angel Miller,2010-12-02,HR,2017-04-24
Nicholas Harris,1999-02-13,R&D,1957-03-08
Kenneth Roberson,2017-06-09,Engineering,2015-04-24
Kevin Taylor,2022-12-20,Finance,1943-12-02
Tiffany Lewis,2015-01-02,R&D,1984-04-02
Patricia Snyder,2006-01-08,HR,1925-04-11
Kathryn Young,2020-08-22,IT,1911-06-20
Barbara Lee,2007-03-31,IT,1980-04-10
Lori Burns,2020-10-07,R&D,1938-02-22
Melanie Fleming,1999-06-15,R&D,1938-12-26
Danny Sims,2000-11-13,HR,2016-08-19
Courtney Hill,2002-07-11,Engineering,1994-05-26
Zachary Grant,2009-05-28,Finance,2020-11-14
Sandra Bernard,1997-03-07,Engineering,1964-08-02
James Mcdonald,2011-07-30,IT,1935-05-25
Robert Price,2011-02-27,IT,1959-12-05
George Smith,2001-09-09,HR,1924-12-28
Angela Lindsey,1994-03-30,HR,1930-06-10
Justin Pena,1997-05-30,R&D,1935-06-14
Ricky Robinson,2006-09-07,IT,1959-02-18
Richard Dominguez,1995-02-23,Finance,1937-01-06
Ashley Williams,2018-12-09,IT,1987-03-19
Jesus Marks,2013-10-14,R&D,1999-03-26
Traci Hernandez,2005-01-03,HR,2005-04-28
Cindy Fleming,2003-05-24,IT,2015-09-14
Kelsey Williams,2009-01-08,IT,1940-04-16
Matthew Morgan,2020-11-26,IT,1932-09-12
Riley Johnson,2020-10-15,R&D,1939-06-25
Dr. Katie Marks,2005-04-13,IT,1923-01-29
Billy Hill,1997-01-07,Finance,1958-10-20
Lisa Meza,2013-08-10,Finance,1977-05-29
Laura Collins,2001-07-01,IT,1961-07-20
Gregory Lee,1994-12-09,IT,1971-09-30
Charles Nash,2016-04-02,Engineering,2004-07-24
Alexis Martin,2014-04-30,Engineering,1994-01-22
Aaron Hartman,1995-01-15,R&D,1928-09-21
Jerry Nichols,1997-09-15,Engineering,2018-08-16
James Carpenter,2001-04-19,R&D,1958-01-08
Belinda Ryan,1999-02-26,IT,1968-02-21
Kathryn Lester,2024-01-30,Engineering,1980-02-16
Shane Franklin,2005-06-11,Engineering,2022-04-04
Amy Cole,2003-03-11,IT,1996-08-05
Rhonda Sampson,2000-02-20,R&D,2009-06-03
Nicole Marsh,1998-07-09,HR,1974-11-03
Gary Jacobs,2013-09-26,IT,1933-09-03
Morgan Short,1999-08-20,Engineering,1987-02-09
Chad Hoffman,2011-10-20,R&D,2009-05-20
Mrs. Sara Haas,2020-11-05,Engineering,1935-05-27
Megan Smith,2011-12-16,HR,1981-04-05
Sara Guerrero,2004-12-25,Engineering,1947-11-03
Jessica Osborne,2003-02-01,HR,1988-06-21
James Nichols,1998-03-30,Finance,1938-06-12
Clifford Brewer,1998-11-01,Finance,1967-09-15
Madison Smith,2016-10-03,Finance,1970-02-04
Michael Anderson,2004-06-28,R&D,1969-11-12
Lisa Walsh,1998-01-18,HR,1969-08-27
Hunter Vargas,2017-08-02,Finance,1925-01-23
Kayla Sexton,2000-02-20,IT,1985-04-12
Laura Carter,1995-02-23,IT,1928-09-04
Yvette Brown,2020-02-08,IT,1991-01-29
Kathryn Elliott,2011-04-20,IT,1933-10-05
Joseph Jimenez,1997-10-25,IT,1960-04-30
Julie Howell,2007-06-20,HR,1910-07-02
Nathaniel Brooks,1999-12-13,HR,2015-01-12
Laura Barrett,2013-09-01,Engineering,1921-04-10
David Pearson,2002-01-28,Engineering,1935-08-30
Damon Olson,1998-09-14,Finance,2006-04-04
Joseph Coleman,2017-05-01,IT,1919-10-12
Zachary Burke,2008-11-21,IT,2001-06-20
Cynthia Rivera,2004-10-01,HR,1956-12-07
Michael Vargas,2007-02-03,HR,1962-07-15
Mark Strickland,1998-11-26,Finance,1926-09-17
Joanna Mooney,2004-12-08,IT,1981-10-26
Aaron Miller,2020-05-17,HR,1990-10-12
Amber Harding,1999-08-05,IT,1948-05-25
Luis Rowe,2006-03-26,HR,2014-07-09
Kim Waller,1997-03-13,Engineering,2021-02-17
Diane Chandler,2019-12-16,R&D,1929-09-27
Steven Matthews,1997-12-03,IT,1954-03-06
Samantha Graves,2017-12-20,Engineering,1918-02-03
Elizabeth Brooks,2013-09-14,R&D,1937-03-10
Caitlyn Roberts,2020-04-30,Engineering,1961-05-25
Catherine Sanders,1997-11-17,IT,1983-04-08
Victor Schultz,2011-12-10,R&D,1952-08-06
Daniel Holmes,2009-04-18,HR,1986-12-12
Amy Williams PhD,2005-12-16,Engineering,1937-12-24
Ms. Rachel Merritt MD,1997-06-03,HR,1971-01-25
Mitchell Barnes,2002-04-15,HR,1933-08-07
Chad Jackson,2011-11-24,R&D,1931-10-17
Andrew Walls,1998-08-26,R&D,1962-08-07
Kelly Brooks,2004-06-18,Finance,1940-02-29
Melissa Mueller,2015-12-28,Engineering,1963-06-04
Robert Gonzalez,2017-08-20,Finance,1921-05-25
Jennifer Clements,1994-12-08,HR,1998-09-19
David Long,2021-11-28,Finance,1947-06-26
Scott Thomas,2019-07-17,R&D,2006-01-09
Jonathan Griffin,2022-12-22,HR,2018-08-15
Nancy Clark,1996-04-09,HR,1935-10-07
Gerald Green,2012-05-03,R&D,2014-12-29
Daniel Garcia,2020-02-19,HR,1916-08-22
Richard Taylor,2018-02-21,IT,1958-06-11
Robert Rodgers,2010-10-04,IT,1961-08-26
Sandra Riley,2002-05-07,Engineering,1939-09-10
Larry Perez,2020-12-03,HR,1984-12-13
Jennifer Garrett,2021-12-28,HR,1991-05-30
Krystal Ramos,2001-06-19,IT,2023-08-12
Sean Deleon,2018-07-30,HR,1979-09-27
Susan Zimmerman,1999-03-03,Engineering,1964-04-10
Mathew Green MD,2018-11-26,IT,2019-09-11
Joseph Key,2007-08-21,Finance,2012-10-10
Amy Munoz,2009-10-16,Engineering,1979-06-20
James Gardner,2009-07-27,R&D,1993-09-08
Becky Church,2015-08-24,HR,1978-10-26
Susan Flores,2006-05-29,Finance,1996-07-28
Melanie Rodriguez,1995-02-06,IT,2017-03-12
William Gonzalez,1994-11-29,Engineering,1957-09-09
Brittany Fisher,2010-11-25,Engineering,1940-12-03
Christina Jordan,2012-05-21,HR,1957-02-25
Patrick Rodriguez,2010-10-20,Engineering,1962-10-14
William Rivera,2021-04-27,Finance,1973-09-06
Evelyn Lewis,2007-02-28,Finance,2011-08-23
Andrea Perez,2019-11-21,IT,1935-03-15
Michael Rogers,2006-02-14,Finance,1973-02-01
Jeremiah Myers,2003-08-27,Finance,1937-12-06
Gabriela Garcia,2021-07-20,R&D,1927-01-14
Michael Roberson,2017-12-03,HR,1924-07-31
Kenneth Thornton,2000-01-17,Engineering,1989-03-29
Dr. Christine Jackson DDS,2019-05-27,Finance,1994-11-25
Lawrence Garcia,2010-01-17,R&D,1913-09-09
Thomas Torres,2023-12-15,HR,1940-12-22
Gregory Edwards,2015-03-25,HR,1937-04-20
Dylan Spence,2007-06-17,Engineering,1988-01-16
Sara Bennett,2015-02-14,HR,1978-03-06
Jose Alvarez,1996-04-22,IT,1991-06-14
Matthew Morrison,2010-09-30,HR,1910-06-05
Audrey Allen,2007-09-08,IT,1976-01-13
David Ayala MD,2022-11-27,IT,1993-09-26
Theresa Johnson,2003-02-03,HR,2004-08-26
Lauren Hines,1994-10-27,R&D,1916-07-29
Debbie Garza,2023-07-01,IT,2015-12-25
Paul Reynolds,2009-07-14,IT,1977-02-19
Pamela Peterson,2014-12-05,R&D,1938-05-27
Kimberly Huffman,2013-02-15,Finance,2016-04-06
Meredith Harmon,2015-02-05,HR,1969-02-18
David Brown,2012-09-30,Finance,2006-02-24
John Briggs,2021-02-26,HR,2006-05-09
Misty Kelly,1997-03-09,Engineering,1945-04-28
Daniel Howard,2011-12-11,IT,1912-05-22
Alfred Allen,2012-09-22,HR,1999-08-26
Thomas Turner,2011-04-17,Engineering,1990-07-17
David Smith,1994-04-19,Finance,1980-12-21
Carolyn Harmon,2013-11-21,Finance,1966-08-02
Aaron Ferguson,2018-02-02,HR,1976-06-07
Amanda Sanchez,2019-03-16,IT,1948-08-24
Christie Moore,2021-07-11,R&D,1990-12-20
Anthony Wiggins,2010-10-18,IT,1959-09-22
Jill Rodriguez,2005-05-31,Engineering,1984-08-29
Mr. Gregory Jennings,2020-12-01,Engineering,1914-06-23
Wayne Archer,2001-05-30,IT,2017-03-05
Benjamin Chavez,1996-04-01,HR,1979-09-25
Kevin Jones,2007-02-11,R&D,1909-05-13
Tiffany Williams,2019-12-17,IT,1968-09-14
Mario Myers,2021-12-29,IT,1911-05-08
Aimee Sanchez,2012-10-22,Engineering,1984-06-11
Joseph Martin,2020-04-12,Engineering,1993-05-03
Joseph Johnson,2014-02-12,HR,1925-12-01
Wayne Baker,2004-11-03,R&D,1941-12-05
Harold Wilson,2001-09-05,HR,1950-07-28
Mrs. Brittney Castro,2011-11-03,IT,1976-06-03
Misty Owens,2009-01-13,IT,2001-05-16
Marissa Walsh,2017-09-22,Finance,1982-03-01
Kelly Shaffer,2023-09-13,IT,1983-08-27
Kristy Mitchell,2008-10-06,HR,1970-07-05
Rebecca Gonzales,2012-10-03,Engineering,1908-07-21
Erica Friedman,1994-11-06,R&D,1970-11-18
Anthony Spencer,1998-09-04,R&D,2016-05-21
Deborah Allen,2013-02-14,Engineering,1949-07-06
Kelly Wallace,1999-06-25,Engineering,1966-11-16
Jesse Garcia,2014-04-17,R&D,1991-07-25
Ryan Perez,2003-12-08,HR,1974-10-02
Ryan Rich,2011-04-09,Engineering,1942-06-22
Andre Evans,2009-05-17,HR,1955-02-21
Jonathan Lucas,1999-03-31,IT,1925-06-23
Marcus Huang,2014-09-02,Finance,2021-09-18
Jamie Olson,2007-01-01,HR,1922-08-24
Melissa Kaiser,2003-11-22,HR,1917-08-01
James Montes,2007-02-06,HR,1966-08-06
Jessica French,1996-06-25,IT,2014-01-21
Ms. Cheryl Shaw,2007-01-26,IT,1921-07-11
Mr. Christopher Davis IV,2019-12-17,Engineering,1979-09-23
Sarah Baker,2005-01-14,IT,2014-12-14
Robert Jackson,1995-01-19,Finance,1996-01-01
Sharon Arnold,2010-09-09,HR,1944-07-09
Samuel Edwards,2002-08-06,Engineering,1911-02-20
Anna Elliott,1995-11-03,HR,1996-08-26
Karen Lyons,2010-10-22,Engineering,2003-03-29
Matthew Caldwell,2015-06-22,Finance,1979-08-04
Ashley Morgan DVM,2021-04-08,IT,2011-04-21
Pamela Rodriguez,2010-05-25,HR,1993-03-11
Crystal Cook,2008-07-26,Finance,1934-08-30
Barbara Morris,2004-07-23,HR,2005-05-02
Charles Wilson,2003-02-26,Finance,1992-11-22
Carrie Carrillo,2001-02-06,HR,1973-09-25
Mark Fernandez,2011-05-08,HR,2002-02-09
Kevin Gomez,2007-09-15,IT,1962-04-25
Erin Hill,2003-11-07,IT,1952-10-08
Michele Jones,2022-02-07,Finance,2004-05-04
John Richards,2012-04-11,IT,1951-05-06
Crystal Lawrence,2019-07-26,R&D,1924-04-28
Logan Neal,2003-06-08,Engineering,1928-11-14
Karen Wise,2005-09-02,Engineering,2007-02-04
William Greene,2015-10-30,HR,2022-07-01
Edward Greene,1997-05-27,HR,2007-04-03
James Carter,2019-12-29,Engineering,1984-02-15
Sarah Houston,2007-07-03,Engineering,1953-08-04
Sarah Ayala,2003-09-16,Engineering,2011-07-15
Jennifer Jordan,2015-05-29,R&D,1916-02-29
Lauren Wood,2024-01-22,HR,1969-09-07
Raymond Allen,2009-01-12,R&D,1962-08-06
Christina Young,2003-11-15,IT,1929-01-27
Grant Pennington,2021-08-24,R&D,2012-07-11
John Reid,2015-07-09,Finance,1936-01-23
Ryan Grant,2020-04-09,Finance,2006-09-11
Kimberly Chen,1998-08-14,R&D,1983-12-06
Luke Thomas,2011-11-27,Finance,1928-10-23
Thomas Krueger,1998-08-29,Engineering,1947-11-01
Shannon Frank,2021-01-27,IT,1910-08-26
Anthony Reyes,2004-10-06,IT,1982-09-14
Jennifer Prince,1996-06-27,IT,2022-09-19
Lori Huff,2020-06-09,HR,1926-04-27
Brandy Williamson,1995-10-30,Engineering,2007-03-20
Beverly Nelson,2018-07-13,Finance,1960-05-28
Daniel Green,2001-12-03,IT,1916-12-07
Curtis Simpson,2014-01-01,Finance,2012-12-26
Joanna Murphy,2022-12-19,Engineering,2003-04-06
Jennifer Holmes,1994-04-03,Finance,1998-07-16
Peter Potter,2001-12-03,Finance,1952-10-07
Courtney Young,2021-12-19,Finance,1995-12-07
Ashley Norton,2005-04-22,IT,2002-11-26
Gregory Green,2011-07-01,Finance,1983-10-13
Christopher Lawson,2010-03-13,Engineering,1919-01-20
Alyssa Perez,2002-06-28,HR,1997-07-24
Mark Buckley,2010-04-05,Finance,1958-11-23
Christopher Roberts,2006-01-05,R&D,1976-05-03
Laura Williams,2001-03-11,Engineering,1915-05-19
Jennifer Williams,2018-05-07,Finance,1975-11-12
Jessica Martin,2000-08-06,Engineering,1923-04-07
Scott Sellers,1998-09-28,IT,1956-04-12
David Sparks,2018-03-03,R&D,2002-07-17
Jesse Price,1994-10-27,IT,1929-06-13
Lynn Wright,1994-12-04,Engineering,1985-11-25
Theresa Hammond,2021-01-15,R&D,1918-08-30
Elizabeth Lopez,2021-06-23,HR,1991-08-01
Rose Lowe,2005-07-17,HR,1908-08-11
Jessica Davidson,2017-07-10,Finance,1990-02-02
Brandy Anderson,2001-09-21,HR,1939-05-15
Holly Simon PhD,1995-02-13,HR,2008-10-25
Nicholas Mueller,2017-12-31,IT,1944-02-03
Eileen Callahan,1994-07-03,IT,1918-08-17
Michael Holland,2005-11-12,IT,2021-08-05
Belinda Baird,1996-07-04,HR,1940-09-15
Diane Harrison,2010-04-28,Finance,1985-03-01
Andrew Walker,2013-02-12,Engineering,2008-10-02
Monica Davis MD,2018-10-09,HR,2003-08-09
Terry Weaver,2016-10-14,HR,2005-10-04
Paul George,1997-05-23,Engineering,2023-02-14
Rachel Valdez,2010-02-19,R&D,1939-11-14
Amy Montoya,2015-03-20,Finance,1974-08-09
Deanna Anderson,2024-01-20,Finance,1914-10-12
Robert Jimenez,2006-06-03,Finance,1979-12-13
Madison Oconnor,2016-11-22,Engineering,1967-08-06
Samantha Nelson,1995-10-25,R&D,1909-11-04
Albert Simmons,2004-03-25,Finance,1976-07-15
Mr. Antonio Bolton II,1997-04-26,Engineering,1969-09-20
Debbie Wilkinson,2018-11-15,HR,2017-12-26
Devon Turner,2014-04-21,Engineering,1918-04-23
Melissa Hall,2011-03-14,Engineering,1977-07-23
Morgan Ford,2006-11-11,HR,2014-03-27
David Walker,2000-08-18,Engineering,1972-01-08
Nicole Mendez,1995-01-01,HR,1933-10-14
Michael Molina,2016-08-28,R&D,1953-05-27
Amanda Green,2000-06-18,HR,2011-05-10
Sarah Ray,2006-07-19,Finance,1952-04-12
Melanie Conner,2005-08-10,HR,1930-02-16
Robert Patel,2017-11-10,HR,1962-03-09
Jason Reeves,2008-05-02,Finance,1922-04-13
Morgan Rose,2015-09-18,HR,2003-06-14
Richard Flores,1999-12-29,Finance,1917-05-16
Richard Clark,2008-04-02,Engineering,1974-12-11
Joseph Russell,2009-01-13,Finance,2017-04-30
William Walker,2019-10-01,IT,1973-01-31
Michael Hughes,1999-05-04,R&D,2007-04-20
Sharon Lee,2019-03-17,R&D,1924-11-19
Michael Watson,2012-06-30,Finance,1930-05-09
Mary Arnold,1996-04-27,IT,1942-10-11
David Reid,2019-02-02,Engineering,1923-09-02
Wendy Oliver,2012-04-08,IT,1938-12-31
Richard Matthews,2011-10-23,Finance,1935-12-10
Sandra Aguirre,2017-10-24,IT,2006-08-01
Jeffrey Mckay,2012-09-14,Engineering,2012-08-18
Susan Baker PhD,1996-08-23,R&D,1986-07-24
Katie Kramer,2007-12-24,Finance,1976-09-29
Carla Dunlap,2018-02-07,HR,2012-07-29
Rebecca Sims,2013-03-01,HR,1956-08-11
Abigail Mccarthy,1996-10-19,Finance,1929-06-23
Kelly Mcdaniel,1998-08-05,IT,2001-03-30
Jay Skinner,2023-02-06,R&D,1936-07-17
Christine Green,2000-08-05,Finance,2009-10-15
Emily Smith,2020-04-24,Finance,1952-10-12
Jonathon Roberts,1996-09-20,HR,1980-01-01
Jasmine Beck,2006-01-08,Finance,2010-04-25
Gabrielle Johnson,2016-10-12,IT,2012-08-04
Kimberly Jones,2008-12-28,IT,2007-05-28
Wesley Hendrix,1999-08-05,Finance,2017-04-16
Kathy Hammond,2005-04-24,HR,1930-07-29
John Harris,2002-05-16,Finance,1910-07-12
Joseph Bray,2016-08-08,IT,2009-02-10
Sheryl Williams,2012-08-13,R&D,1972-01-23
Christy Vega,2009-11-21,Engineering,2019-03-23
Cody Walsh,2016-05-30,R&D,2011-02-02
William Hess,1994-12-30,HR,2013-03-22
Nichole Rice,1998-01-02,Finance,1916-12-06
Edward Thomas,2010-06-24,Engineering,2018-12-21
Linda Spencer,2011-02-10,Engineering,1989-01-27
Alexander Gibson,1997-05-17,R&D,1912-09-25
William Young,2007-06-12,IT,1984-07-16
Nancy Carrillo,1999-03-05,R&D,1939-08-04
Howard Hall,1997-12-08,R&D,1986-09-03
Madeline Valencia,1997-07-28,IT,2001-10-14
Sarah Jones,2019-06-16,R&D,2008-12-12
Tyler Arroyo,2002-11-29,R&D,1940-01-25
Andrew Adkins,2021-08-06,IT,1920-02-18
Douglas Henson,2001-02-08,R&D,1915-06-01
Brandon Wheeler,2007-07-16,Engineering,1998-06-20
Isaiah Rush,2007-07-26,Engineering,1933-11-02
Crystal Phillips,2016-06-27,R&D,2007-08-23
Adam Adams DDS,2016-03-12,Engineering,1909-10-30
Julie Lee,2022-04-25,Finance,1962-05-22
Evan Powers,2019-11-26,Finance,2010-02-26
Daniel Howell,1998-12-10,R&D,1975-10-01
Dennis Hall,2003-09-05,HR,1969-09-30
Tracey Gomez,2004-04-29,IT,1964-12-01
Charles Rogers,2004-12-04,Engineering,1945-04-27
Kristin Rogers,1999-01-30,Finance,1945-10-25
Dawn Hartman,2002-10-21,R&D,1931-03-25
Denise Myers,2015-01-03,Finance,1993-04-05
Troy Rodriguez,2006-04-04,Finance,2023-01-18
Lynn Quinn,2008-01-06,R&D,1961-10-22
Vanessa Love,2008-03-28,Engineering,1938-10-06
Jessica Taylor,2023-07-07,Finance,1927-06-08
Michael Johnson,2021-03-28,Finance,2013-04-10
Mr. Daniel Edwards,2003-07-25,Finance,1964-06-10
Devin Thomas,1994-04-16,HR,1946-09-11
Ryan Brewer,2005-08-30,Engineering,1915-10-04
Dale Eaton,2012-02-04,HR,2012-12-20
Robert West,2018-05-09,IT,1919-03-05
Robert Nguyen,2001-01-04,HR,2020-04-27
Carly Thompson,2017-02-05,HR,1933-10-31
Brandon Mcclain,2007-11-03,HR,1954-07-05
Mary Berry,2019-12-11,IT,1971-08-05
Cynthia Miller,2006-04-02,HR,1924-10-22
Nathan Villarreal,2022-05-08,IT,1923-05-18
Jordan Bradley,2009-10-29,HR,2006-04-21
Jonathan York,2020-08-02,R&D,1964-09-13
Vanessa Mendoza,2014-03-03,Engineering,2022-04-04
Blake Jones,2017-05-17,R&D,1965-07-05
Vanessa Schwartz PhD,2017-07-14,R&D,1980-01-20
Carolyn Walker,2019-08-01,Finance,1909-03-04
Michael Chung,2002-01-03,HR,1930-03-11
Joyce Noble,2023-05-23,Engineering,2022-10-18
Lisa Singh,2010-07-15,R&D,2018-01-07
Morgan Mendoza,1997-05-08,HR,1925-05-26
Joann Wilkins,2007-09-26,IT,1990-03-19
Megan Daniels,2001-03-26,R&D,2003-07-30
Chad Carter,1995-12-06,IT,1937-02-23
Diana Foley,1997-04-14,HR,1935-12-30
Amanda Hopkins,2016-02-20,Finance,1998-01-27
Peggy Rogers DVM,2005-11-26,Finance,1960-12-02
Linda Berry,2000-01-17,Engineering,1994-01-23
Haley Weaver,1994-05-28,Engineering,2014-07-06
Lisa Hughes,2002-10-13,Engineering,2010-02-12
Ronald Alvarez,1994-05-11,HR,1917-06-13
Tom Hernandez,2007-08-19,HR,1980-12-14
John Cole,2008-08-14,Engineering,1955-06-11
William Martinez Jr.,2018-06-23,HR,1918-08-01
John Sellers MD,2019-08-11,IT,1965-02-16
Joshua Peterson,1994-12-15,R&D,2005-10-07
Randall Cannon,1994-10-30,Engineering,1919-09-09
Danny Nichols,2023-04-08,HR,1921-07-04
Mary Davis,2003-07-21,IT,1931-04-18
Lauren Palmer,2020-04-15,IT,1985-01-01
Lisa Santos,2018-08-31,IT,1997-06-28
Jordan Barnes,2000-02-29,HR,1947-12-21
Joe Moon,2013-11-04,Finance,1973-07-21
Amber Johnston,1999-02-12,R&D,2014-02-14
Michael Sanchez,2011-08-22,Finance,1966-06-21
Mark Mcfarland,1998-10-27,IT,1928-06-12
Ronald Mathis,2001-07-16,HR,1945-08-26
Rick Walls,2000-03-22,IT,1946-10-17
Grant Casey,2023-10-28,IT,1909-05-02
Jeffrey Brown,2000-03-07,HR,1911-07-17
Jeffrey Ramos,2007-04-16,Finance,1945-03-18
Diana Klein,2005-11-27,Finance,1913-11-01
Steven Rocha,1999-06-10,Engineering,1988-10-09
William Reyes,1999-08-11,IT,1993-04-22
Bianca Underwood,2021-03-02,IT,1952-06-16
Alfred Hebert,2022-12-23,Engineering,1993-03-21
Joe Duffy,2020-05-13,HR,2000-08-15
Dana Tyler,1997-07-13,HR,1962-10-22
James Barrett,2010-09-25,IT,1995-05-06
Tanner Perez PhD,2020-06-10,Finance,2009-01-13
Steven Perez,2003-07-01,HR,1990-03-05
Jon Yu,2013-03-20,IT,1917-05-14
Hannah Hernandez,2001-09-09,Finance,1967-04-22
Amanda Castillo,2005-07-19,IT,1975-04-09
Julie Gonzales,2002-02-13,Engineering,2018-10-24
Brenda Lopez,2009-04-27,Finance,1923-01-26
Christopher Hart,2010-02-06,Engineering,2001-12-07
Summer Turner,2013-01-16,Engineering,1925-03-21
Benjamin Davis,1996-07-08,IT,1989-07-04
Carol Richardson,2014-09-04,HR,2001-01-07
Thomas Bowers,2008-02-02,Engineering,1996-01-28
Jeff Frey,2017-04-26,Finance,1928-04-10
Angela Castro,1994-10-11,IT,1918-06-19
Paula Hicks,2023-06-07,IT,1949-06-17
Lucas Weeks,1999-04-05,HR,1991-11-02
Brandon Rosario,2008-02-19,IT,1966-01-19
Ricky Parsons,2019-02-03,Engineering,1983-08-01
Philip Evans,1998-05-17,R&D,1979-02-08
Billy Joseph,2007-05-14,Finance,1924-10-21
James Ramirez,2002-04-03,Engineering,1937-05-10
Jose Rivers,2013-10-11,IT,1959-08-20
Chelsey Fox,1994-11-26,Finance,1947-01-29
Michael Clay,1998-08-27,Finance,2011-07-14
Raven Dean,2023-05-21,Engineering,1910-07-16
Erin Lee,2023-12-24,Finance,1987-04-10
Kimberly Vincent,2004-01-03,IT,1966-09-24
Steven Stewart,2014-03-27,R&D,1985-01-22
Andrea Weaver,2002-09-07,R&D,1976-05-07
April Cooper,2015-09-25,Engineering,1916-01-19
Abigail Walters,2018-08-12,Engineering,1962-07-05
Katrina Mitchell,2001-12-14,Finance,1962-01-08
Michael Murray,1998-06-20,IT,1973-07-25
Janet Soto,2008-12-05,R&D,1988-09-25
John Fuller,2007-05-30,Finance,2019-02-17
Scott King,1997-11-08,Engineering,2001-05-27
Terry Hicks,2022-08-17,Engineering,1924-05-20
Andrew Flores,2012-07-26,Engineering,2017-04-01
David Snyder,2020-12-18,R&D,2017-04-15
Joseph Russell,2014-04-26,IT,1932-02-14
Thomas Bennett,2022-05-03,IT,2022-07-05
Mrs. Karen Evans,2006-07-03,R&D,2008-04-02
Molly Whitaker,1998-11-19,IT,1969-09-12
Brandon Bush,2009-10-26,R&D,1968-04-30
Lawrence Sherman,2008-12-05,R&D,1945-07-08
Joseph Arnold,2010-02-09,R&D,1918-04-02
Shannon Bauer,2007-08-15,HR,1956-03-15
Frances Wood,1994-12-28,Engineering,2011-05-03
Timothy Payne,2012-11-13,R&D,2014-03-31
Colleen Jimenez,2019-07-09,IT,1936-01-17
Xavier Mcfarland,2008-07-06,IT,1938-01-13
Marc Thompson,2002-10-28,Finance,2004-03-15
Linda Davis,2018-06-23,IT,1986-12-04
Pamela Sutton,2000-09-05,HR,1912-03-08
Joshua Ferguson,2022-04-22,R&D,1959-03-01
Joseph Duncan MD,2016-03-10,Engineering,1990-05-11
Adam Sandoval,2000-05-22,Engineering,2005-02-04
Cody Martinez,2023-08-11,IT,1965-01-14
Kathleen Pratt,2015-08-25,Engineering,1990-05-16
April Hatfield,1997-12-28,HR,2004-08-27
Gabriela Jackson,2017-08-20,HR,1970-07-22
Kelly Moore,2001-04-27,HR,1992-04-17
Robert Miller,2012-10-04,Finance,1958-03-03
Sean Martin,2002-02-27,HR,1999-06-13
Andrew Thompson,2011-08-24,Finance,1939-04-09
Aaron Ramirez,1995-09-26,Engineering,1923-07-03
Brian Rangel,2005-10-30,IT,2009-12-14
Sarah Brooks,2023-10-22,R&D,1954-03-25
Monica Mitchell,2017-02-20,HR,2020-07-27
Adrian Allen,2011-03-21,HR,1957-02-26
Hannah Smith,2006-11-16,Engineering,1992-11-06
Kimberly Smith MD,1998-06-18,Finance,1928-07-04
Donna Green,2021-12-02,HR,1930-12-17
Carl Thomas,2014-05-05,HR,1910-08-18
Patrick Miller,2002-11-27,R&D,1939-02-22
Bridget Ward,2005-05-06,R&D,2012-09-07
Elizabeth Edwards,2019-12-19,Engineering,2015-03-29
Melissa Johnston,2010-07-24,R&D,1925-06-04
Samuel Young,2010-03-19,IT,1998-11-10
Michael Walker,1997-07-04,Finance,1914-10-23
Lauren Smith,2009-11-01,IT,1933-09-08
Gabriel Lowe,2010-03-22,IT,1981-03-30
Danny Hanna,2006-01-26,IT,1925-05-31
Jennifer Abbott,2016-03-19,IT,1996-04-24
Gloria Wolfe,2023-07-30,Finance,1942-01-25
Colleen Perez,2016-07-25,Finance,1957-11-25
Michael Goodwin,2021-12-12,Engineering,1908-07-22
Kevin Hess,2014-05-03,R&D,1921-06-01
Cheryl Gonzalez,2001-09-14,R&D,1995-09-19
Brittney Evans,2020-10-14,IT,1921-09-23
Samuel Fitzgerald,2021-03-16,R&D,1985-05-08
Steven Mccullough,2001-12-24,Engineering,1983-03-04
Troy Wright,2000-03-20,Finance,1983-12-30
Justin Mayer,1999-03-11,HR,1951-10-12
Susan Bryant,2004-11-14,Finance,1952-11-24
Natalie Mason,1994-03-20,Engineering,1946-09-09
Jeffrey Chapman,2019-04-15,HR,1984-08-02
Jeremy Cross,2007-05-30,Finance,1913-07-02
Rachel Baker,2019-12-08,Finance,1956-06-25
Christine Cole,2009-12-11,HR,1950-03-07
Vincent Knight,2017-08-10,HR,1977-07-29
Thomas Lopez,2009-12-22,Engineering,2008-09-05
Michael Leblanc,2019-07-27,Engineering,2019-03-14
Joseph Brown,2000-10-17,R&D,1943-12-07
James Bates,2001-09-15,Engineering,1993-12-10
Sylvia Shelton,2024-02-10,Finance,1986-10-25
Preston Richards,1995-03-21,R&D,1962-04-14
Amanda West,2000-03-08,Finance,1920-06-22
Amber Cohen,1996-12-02,R&D,1915-03-21
Cynthia Jones,2017-08-01,HR,2018-04-13
Mark Thompson,1996-11-15,Engineering,1999-04-05
David Johnson,1996-07-14,HR,2012-06-03
Melissa Small,2016-08-09,R&D,1933-11-16
Jessica Mendoza,1998-08-19,Finance,1942-10-24
Lori Watson,2005-06-30,IT,1949-09-30
Jeffrey Morris,2013-01-22,Finance,1972-11-17
David Rocha,2009-05-26,R&D,1995-01-30
Jason Tate,2010-10-03,HR,1949-12-11
Philip Gilmore,2003-05-17,HR,1918-11-26
Shawn Bush,2022-02-24,Finance,1962-07-31
John Thomas,2006-07-09,IT,1999-11-26
Andrew Huffman,2002-12-24,Finance,1976-08-04
Mike Pollard,2016-11-16,Finance,1983-09-03
Stacy Beck,1999-02-11,Finance,1939-02-27
Cory Johnson,2023-09-22,HR,2001-01-18
Joseph Grant,2020-04-15,HR,1991-11-24
Crystal Ramirez,2014-04-05,HR,1959-09-09
Brandi Wolfe,2017-12-11,Engineering,1972-04-13
Melissa Robinson,1994-04-02,Engineering,1975-02-23
Derek Yang,2013-07-29,Engineering,2016-02-06
Kenneth Chung,2015-04-29,IT,1980-11-19
Heather Lee,2013-08-19,Engineering,1990-09-10
Damon Johnson,2001-07-15,R&D,1999-04-20
Scott Santos,2003-01-17,HR,1973-09-06
Isaiah Clarke,2002-12-27,R&D,1928-08-25
Daniel Vance,2003-06-19,Engineering,2018-08-09
Renee Stanton,2023-11-10,IT,1967-12-10
William Padilla,2015-09-10,HR,1982-06-27
Kevin Garcia,2002-12-08,Engineering,1926-06-20
Gary Ortiz,1995-05-23,IT,1960-03-02
Margaret Robertson,2017-02-25,Finance,1981-01-24
Elaine Hess,2002-11-16,IT,1918-09-08
Antonio Chapman,2016-09-21,IT,1998-01-08
Misty Harper,1996-04-05,IT,2000-04-30
Christine Rivas,1998-02-22,R&D,1927-10-07
Angela Henderson,2016-06-19,Engineering,1911-05-08
Joel Sherman,2017-06-23,HR,1948-12-22
John Coleman,2011-08-11,Finance,2017-11-30
Sandra Collins,1997-02-24,Engineering,1954-07-31
Heather Alvarado,2002-10-14,Finance,1959-01-17
Michael Mclaughlin,2008-03-10,HR,1911-04-20
Jacob Bell,1997-07-14,Finance,1987-10-05
Joshua Lee,2017-01-02,HR,1973-05-24
Jennifer Powell,2015-12-08,Finance,1938-05-19
Ariel Henson,1997-03-10,Engineering,1910-10-14
Daniel Lawrence,2021-11-20,IT,1925-01-24
Amy Skinner,2011-07-09,IT,1917-08-08
Amy Hopkins,2023-06-26,HR,2007-09-01
Jesse Huffman,2005-02-01,IT,1929-09-10
Brian Kemp,2011-02-23,Finance,1915-12-05
Alejandro Nguyen,2002-05-02,IT,1910-01-06
Brandon Riley DDS,2021-11-10,Engineering,1985-12-21
Kristy Williams,2014-12-12,Engineering,1984-05-15
Daniel Miller,2012-04-22,HR,1913-09-09
Christine Sanchez DVM,1999-05-15,R&D,1945-07-16
Mrs. Allison Davis,2017-02-06,IT,1917-02-12
Julie Rodriguez,2018-02-17,Finance,2002-05-28
Andrew Petty,2014-04-20,Engineering,1994-09-18
Cody Howard,2023-10-27,Engineering,1949-06-06
Brittany Vasquez,2015-04-13,Finance,1935-06-28
Kim Santana,1998-05-18,Engineering,1945-12-15
Russell Huff,2021-04-13,Finance,1968-09-19
Dawn Adams,2000-02-27,Finance,1997-05-31
Susan Black,2007-08-16,HR,1949-12-11
Eric White,2014-01-07,R&D,1950-04-30
Jeffrey Duncan,2014-10-04,Finance,1909-11-22
Beth Bridges,2017-07-27,IT,1995-01-29
Melissa Day,1995-04-09,R&D,1908-04-08
Taylor Cole,2007-04-24,HR,1959-06-22
Kevin Martin,2015-01-14,IT,1998-06-17
Joseph Castillo,1995-07-02,R&D,1999-01-24
Sierra Higgins,2019-12-30,HR,1943-02-27
Michelle Aguirre,2016-05-18,R&D,1981-03-01
Dr. Nathaniel Smith,2003-01-17,Finance,1982-11-16
Tiffany Owen,2000-08-06,HR,1915-09-20
Julie Flynn,2018-03-23,HR,1941-07-25
Sarah Nichols,2020-12-11,Finance,1981-10-09
John Mcbride,2017-10-05,Finance,1912-08-08
Brandy Williams,2003-10-11,Finance,1991-03-17
Taylor Evans,2019-12-13,Finance,1983-12-15
Lisa Bates,2012-07-06,IT,2012-08-25
Mr. James Hart,1995-01-19,IT,1997-09-18
Joseph Cunningham,2021-03-10,HR,1957-09-18
Cynthia Jones,2014-10-08,HR,2000-03-03
Tricia Black,2022-10-12,Finance,2016-08-05
Alan Bradley,1997-08-10,HR,1957-11-21
Derek Case,1997-04-12,R&D,1939-05-16
Mrs. Kathryn Adams,2006-10-20,R&D,1915-08-05
Nathan Miller,2001-04-11,R&D,1913-11-09
Christina Martinez,2001-02-14,Finance,1940-07-18
Miss Peggy Robinson DDS,2008-05-26,Engineering,1930-08-19
Thomas Estrada,2019-05-25,HR,1940-06-12
Kristopher Washington,2010-11-07,R&D,1988-09-18
